day,time,str
20151008,450,11000100001010001000
20151008,451,11000100011010001100
20151008,452,11000000011010011100
20151008,453,11000100000011001100
20151008,454,11000100011001001100
20151008,455,11010010011011011100
20151008,456,11010110001011001100
20151008,457,11000110001000011100
20151008,458,11100010001010001100
20151008,459,11000010001010001100
20151008,460,11000100000011011110
20151008,461,11000000011010011100
20151008,462,11000010011011011100
20151008,463,00000011011011001110
20151008,464,10000001011111011110
20151008,465,10000111011111001110
20151008,466,01000000011111001110
20151008,467,11000111011011001100
20151008,468,11000111011011001100
20151008,469,11010010011111001100
20151008,470,11100110011110001100
20151008,471,11110100011110001100
20151008,472,11000110011110000110
20151008,473,11000110011110010110
20151008,474,11101110001110010110
20151008,475,11101100011111010110
20151008,476,11000100011101011110
20151008,477,11100100011101011110
20151008,478,01001100011101010110
20151008,479,01101010010111010110
20151008,480,01000110010101000110
20151008,481,01001100010111000100
20151008,482,01001111000101001110
20151008,483,01011011010101011110
20151008,484,10011110011110011100
20151008,485,10000110000100011100
20151008,486,10000110010110011110
20151008,487,11101110011100011100
20151008,488,10000110011100011110
20151008,489,00000100011001011000
20151008,490,00100100011100000100
20151008,491,10001110001100001100
20151008,492,10001100001100010110
20151008,493,11001110001100010110
20151008,494,11001100001100011110
20151008,495,10101100001101010100
20151008,496,10001010011000011100
20151008,497,00001010001100011100
20151008,498,00000110011101011100
20151008,499,10000110000101011100
20151008,500,10001010010100011110
20151008,501,11001010000100011110
20151008,502,10001010001100011110
20151008,503,10001010001100011110
20151008,504,00001010000100111110
20151008,505,11001110010101111110
20151008,506,10001110000101011110
20151008,507,10101110010100011110
20151008,508,10001010010100011110
20151008,509,10001000000100111110
20151009,450,10010001111100001110
20151009,451,10000001111100001100
20151009,452,10010100001100001110
20151009,453,10010010010000001100
20151009,454,11010010001101001110
20151009,455,11000000011100000110
20151009,456,11010100011100001110
20151009,457,11000000011101011010
20151009,458,11000000011101000110
20151009,459,10100000011101000110
20151009,460,11000010011101011100
20151009,461,11000010001101011100
20151009,462,11000010001100001100
20151009,463,11010010011101001100
20151009,464,11000010011101011110
20151009,465,11000010001101001110
20151009,466,11010010001101001110
20151009,467,11010010001101011110
20151009,468,10000011001101001110
20151009,469,11010111111100001110
20151009,470,10100111011100001100
20151009,471,11100111001100000110
20151009,472,10100100101100011110
20151009,473,11100010011100001110
20151009,474,11100010101100001110
20151009,475,11000011001101001110
20151009,476,11000011001101001110
20151009,477,10100110101101011010
20151009,478,11000010100101001110
20151009,479,10000010000101001010
20151009,480,10000010001100011010
20151009,481,11000010011100001110
20151009,482,11000010001100001110
20151009,483,11000010001100001110
20151009,484,10000000001101011100
20151009,485,10000010011100011110
20151009,486,10000010011100011110
20151009,487,11000011001100001110
20151009,488,10000000001101010110
20151009,489,11000010101100000010
20151009,490,10000010000101001110
20151009,491,10000010001101001110
20151009,492,10000010001100001110
20151009,493,10010010000100001110
20151009,494,11010010001101011110
20151009,495,10110110000100000110
20151009,496,11000110011000001110
20151009,497,11000010001000011110
20151009,498,11000010001100011110
20151009,499,11000010000101000110
20151009,500,01000110000100001110
20151009,501,11000010000111001110
20151009,502,11000010000111001110
20151009,503,11000010000100001110
20151009,504,10000000000100011110
20151009,505,10000000000100011110
20151009,506,10000010000100011110
20151009,507,10000010000000010110
20151009,508,10000110000100011110
20151009,509,10000110000000011110
20151010,450,11100110101100000100
20151010,451,11100100000001000000
20151010,452,11100100001001001100
20151010,453,11100100001101001100
20151010,454,11100100000101011100
20151010,455,11000100101101001100
20151010,456,01000000110101001100
20151010,457,11100100000101001100
20151010,458,11000000001011001100
20151010,459,11000000001101011110
20151010,460,11000000011000010100
20151010,461,10000000001111011100
20151010,462,11000001010110000100
20151010,463,11001010010110010100
20151010,464,10000010000110010100
20151010,465,10000000011100010100
20151010,466,10000000101111010100
20151010,467,10100000001110000100
20151010,468,10000110111100010100
20151010,469,10000110111100011100
20151010,470,10000110001101010100
20151010,471,10100110011101010100
20151010,472,01101111001101010100
20151010,473,11000011001101010100
20151010,474,11000111001101010100
20151010,475,11000111001101010110
20151010,476,01000110001101011110
20151010,477,11100110001101001100
20151010,478,11010100000100011110
20151010,479,11010000001101001100
20151010,480,11100110001101001100
20151010,481,11100111001110001100
20151010,482,10100111101111011100
20151010,483,11100111001101001100
20151010,484,11000010001101001100
20151010,485,01100110011101011100
20151010,486,11100111001100011100
20151010,487,11100110000100011110
20151010,488,11100110000100011110
20151010,489,11100110000111011100
20151010,490,11100110010100011100
20151010,491,10000110011100011010
20151010,492,11100100000110011100
20151010,493,11000110000110011100
20151010,494,11100110011100011110
20151010,495,11000110011100011110
20151010,496,11000110010110011110
20151010,497,10001100000110011110
20151010,498,10001100000101011110
20151010,499,10110100000101011110
20151010,500,11100100000110011110
20151010,501,11000100000111011110
20151010,502,11100100000111011110
20151010,503,10000110000111011110
20151010,504,10010110110111011110
20151010,505,11000110010111011110
20151010,506,11000110010111011100
20151010,507,11000010100111011110
20151010,508,10000110010111011110
20151010,509,10000110011111011110
20151012,450,10000111011101010110
20151012,451,11000001011101011100
20151012,452,11101001011101011100
20151012,453,11001001011101011100
20151012,454,11001000011101011100
20151012,455,10000000011111001100
20151012,456,10000000011111011100
20151012,457,11000111011111011100
20151012,458,11000110011101011100
20151012,459,11001101011101011100
20151012,460,11001101011111011100
20151012,461,11011101011101011100
20151012,462,11001100011101001100
20151012,463,11001100011101011100
20151012,464,11001101011101011100
20151012,465,11001001011101011100
20151012,466,11001001010101011100
20151012,467,11001010011101011100
20151012,468,11001001010101011100
20151012,469,11001001001101011100
20151012,470,11001000010101011100
20151012,471,11001010011111011100
20151012,472,11001111011111011100
20151012,473,11001101111111001110
20151012,474,11001101111101010100
20151012,475,11101101111101010100
20151012,476,11011101111101010100
20151012,477,11011100111111010100
20151012,478,00101111110111011100
20151012,479,00101111110101011100
20151012,480,00101111010111010100
20151012,481,10101111010111010100
20151012,482,01101111010101000100
20151012,483,10001110010101011100
20151012,484,01101110010101011110
20151012,485,01001010011111011100
20151012,486,01001010011111011100
20151012,487,01101110011001011100
20151012,488,11101110011110000100
20151012,489,01101111010110000100
20151012,490,11111110011111000110
20151012,491,01111100011111011110
20151012,492,01011010010111011110
20151012,493,01101110000010011110
20151012,494,11011110011011011100
20151012,495,11011110010110011100
20151012,496,01011110010111011100
20151012,497,00101110010110011100
20151012,498,01101111010011011100
20151012,499,11101110010011011100
20151012,500,11111110010111011110
20151012,501,11111110011010011110
20151012,502,11011110010111011110
20151012,503,11011110010111011110
20151012,504,11001110010111011110
20151012,505,11011111011110011110
20151012,506,11011111011011011110
20151012,507,11011110011111011100
20151012,508,11011010011011001110
20151012,509,11011110011011011110
20151013,450,11100110101100000100
20151013,451,10110100101101000100
20151013,452,11110100100101000100
20151013,453,01101110001101000100
20151013,454,01101110001101000100
20151013,455,11110100101101001100
20151013,456,11100101101101001100
20151013,457,10100110111101001100
20151013,458,11100011101101001000
20151013,459,11110011101101001100
20151013,460,11100011101101000100
20151013,461,11100011111101000100
20151013,462,10100000101101000100
20151013,463,10100000101101000100
20151013,464,01100010101100001100
20151013,465,01100000111101001100
20151013,466,01100110101101001000
20151013,467,01000110101101000100
20151013,468,01000110111101000000
20151013,469,01000010111101000100
20151013,470,00000110101111001100
20151013,471,01000010111101001000
20151013,472,00000010111101001010
20151013,473,01000010111101001000
20151013,474,01000010101101001100
20151013,475,11000000111101001100
20151013,476,10010000111101001100
20151013,477,00100110101101001110
20151013,478,00100110101101001100
20151013,479,01100110101101001100
20151013,480,01100110111101001100
20151013,481,01100110111101001100
20151013,482,00110110111001001100
20151013,483,01100110110101001100
20151013,484,01000110110101001100
20151013,485,01100110010101001100
20151013,486,01100110110101001100
20151013,487,01100110100001011110
20151013,488,00100110110101011110
20151013,489,01000110100001011110
20151013,490,01100110100001011100
20151013,491,01100110101101011100
20151013,492,01010010100101011100
20151013,493,01000110111001011100
20151013,494,01000110110001011100
20151013,495,11100110101001010110
20151013,496,11100110101001011100
20151013,497,01100110100101010100
20151013,498,11100110010001010110
20151013,499,11100010000001011110
20151013,500,11100010110001011110
20151013,501,11100110111001010110
20151013,502,11100110001001011110
20151013,503,01100110100001011100
20151013,504,00100010100001011110
20151013,505,01100100100001011110
20151013,506,10100110101001011110
20151013,507,00100110101001011000
20151013,508,10000110001001011110
20151013,509,00000110101001011110
20151014,450,01000110011100000000
20151014,451,11000010011100000000
20151014,452,11000100001000011000
20151014,453,11000000001000011000
20151014,454,11000100011011000000
20151014,455,11000100011011000000
20151014,456,11000010011000000000
20151014,457,11000110010000001100
20151014,458,11000010011101001000
20151014,459,11000010001010001000
20151014,460,11000010011010001000
20151014,461,11000010011010001000
20151014,462,11000010011000011000
20151014,463,11000000001011001000
20151014,464,11000100001010001100
20151014,465,11000110001000000100
20151014,466,11000110001000000000
20151014,467,11000110001010011100
20151014,468,11000110001011001100
20151014,469,11000110011001000100
20151014,470,10010100011010001100
20151014,471,10000100001010000100
20151014,472,00000000001100000100
20151014,473,10000000001100000100
20151014,474,11000110011000010100
20151014,475,11000110011001011110
20151014,476,11000010011100001110
20151014,477,10000000011101001100
20151014,478,10000110011110001110
20151014,479,11100110011110001110
20151014,480,10000110011101011110
20151014,481,01000110011100000110
20151014,482,01000110011100001100
20151014,483,10000110011100001100
20151014,484,10000110011000011100
20151014,485,10000110011000011100
20151014,486,10000010011100011110
20151014,487,10000010011100011100
20151014,488,10000110011110010100
20151014,489,10000110011110010110
20151014,490,11000010011110010100
20151014,491,11100110011110010100
20151014,492,11100010011110000110
20151014,493,11000110011111000100
20151014,494,11000010011111000100
20151014,495,10000010011010010110
20151014,496,11000110011010010100
20151014,497,11000110001010000100
20151014,498,00000110011010010100
20151014,499,00000110011010000100
20151014,500,00000110011010000100
20151014,501,10000110011010000100
20151014,502,10000110001000000100
20151014,503,10000110011010000100
20151014,504,10000110011010001110
20151014,505,10000110011010010100
20151014,506,10000010011000000110
20151014,507,11000110011000000100
20151014,508,10000110011000000100
20151014,509,10000010011100001110
20151015,450,01000000111000001100
20151015,451,00000000100100001100
20151015,452,00000000010101000000
20151015,453,01000010010000000000
20151015,454,01000000111100001000
20151015,455,01000000111100001100
20151015,456,01000000011000000100
20151015,457,01000000010000001100
20151015,458,11000000001000000000
20151015,459,10000000011001000100
20151015,460,11000000010011000100
20151015,461,11000000011001000100
20151015,462,01000100010001000100
20151015,463,01000100011001000100
20151015,464,01000010010101000100
20151015,465,01000010110101000110
20151015,466,00100010011001011110
20151015,467,10100110011000001100
20151015,468,01100000011100001000
20151015,469,11100010111100010000
20151015,470,11100110011000000100
20151015,471,01000010111000011100
20151015,472,01000010000101010100
20151015,473,01000010001100011100
20151015,474,01000010001101011100
20151015,475,01000010001100001100
20151015,476,01000010000101001110
20151015,477,01000110001100001000
20151015,478,01000110000100011100
20151015,479,01000110010100011100
20151015,480,01001110000100001100
20151015,481,00000110001100001100
20151015,482,00000110000000001000
20151015,483,00010110001100000100
20151015,484,00001110001100001100
20151015,485,00000110001100000100
20151015,486,01010110011100000100
20151015,487,00000110000100001100
20151015,488,01000110000100101100
20151015,489,11000110000101101100
20151015,490,01001110000101110100
20151015,491,00010110001101011110
20151015,492,00000110000101010100
20151015,493,00001110001100010110
20151015,494,00000110000100010100
20151015,495,10001110000100010100
20151015,496,01000110010100010100
20151015,497,00000100000000010110
20151015,498,00001110010100010111
20151015,499,00000110010100000110
20151015,500,00000110010000000110
20151015,501,00001110010000010100
20151015,502,00000100010101011100
20151015,503,00000110000100001100
20151015,504,00000110000100001100
20151015,505,00000110000101000100
20151015,506,00101110010101010100
20151015,507,10000110000100000100
20151015,508,00010110000000010110
20151015,509,00010110011100011110
20151016,450,11100010010001000000
20151016,451,11000010001101000110
20151016,452,11010010000101001100
20151016,453,11000010011001001000
20151016,454,11000010011001001000
20151016,455,11000011001001000100
20151016,456,11000011010001000100
20151016,457,11000000010101000000
20151016,458,11000011001101000100
20151016,459,10000011011101000000
20151016,460,11000011011101000000
20151016,461,11000011011101001100
20151016,462,11000011011101001100
20151016,463,11000010010101000000
20151016,464,11000010011101000010
20151016,465,11010010011101000100
20151016,466,11010011011101000000
20151016,467,01000010011101000100
20151016,468,11000010001101000100
20151016,469,01000010010101001100
20151016,470,11000010011101000100
20151016,471,01000010010101000100
20151016,472,01000000000101011100
20151016,473,01000000000101011100
20151016,474,01100011010001011100
20151016,475,01100000010101001100
20151016,476,01000011001101001100
20151016,477,00100111000101001100
20151016,478,00100111001101001100
20151016,479,01000110000101011100
20151016,480,01000110010101011100
20151016,481,01000110011111001100
20151016,482,01000010001111001100
20151016,483,01000110010111001100
20151016,484,01000110010101010100
20151016,485,01000110010111010100
20151016,486,01000010000101000100
20151016,487,01000010000101001100
20151016,488,01000010000101000110
20151016,489,01000010000101000110
20151016,490,01000010000101001100
20151016,491,01000010000101001100
20151016,492,01000010001101001100
20151016,493,01000010001101001100
20151016,494,01000010010101001100
20151016,495,01000010010100001100
20151016,496,00000010000001001000
20151016,497,00000010000001011010
20151016,498,00000010010101011100
20151016,499,00000010010101011100
20151016,500,00000110000101011000
20151016,501,11000010011000010100
20151016,502,10000010001100000100
20151016,503,00000110000101000100
20151016,504,00000110000001000100
20151016,505,10000110000001010110
20151016,506,10000110011101000100
20151016,507,10000110010101000100
20151016,508,10000110001101011100
20151016,509,10000110000101001100
20151020,450,11000110011101011000
20151020,451,11000010010101001000
20151020,452,11000010001101011000
20151020,453,11000010010101011000
20151020,454,11000010011101011000
20151020,455,11000010001101011000
20151020,456,11000010011101001100
20151020,457,01000010001101011100
20151020,458,01000010001101011100
20151020,459,11100010001101011110
20151020,460,11000010011101001100
20151020,461,11000010001101001100
20151020,462,11100010011101001100
20151020,463,11000010011101000100
20151020,464,11000010011101010100
20151020,465,01000010011110000100
20151020,466,01010010011011011100
20151020,467,01000010011101011100
20151020,468,01000110011111011000
20151020,469,01010010011101011010
20151020,470,01100010011000000000
20151020,471,11100010001101011000
20151020,472,11100010011101011000
20151020,473,11000010000100011000
20151020,474,01110010011110001100
20151020,475,11000010011101001000
20151020,476,01000010011101000100
20151020,477,01000010011000010010
20151020,478,11000010011101000010
20151020,479,01000110001101000000
20151020,480,01000010011101000010
20151020,481,01000010011110000100
20151020,482,11000010010001010100
20151020,483,01000010011011010100
20151020,484,01000010010001011000
20151020,485,11000000000101011100
20151020,486,01000010000101010110
20151020,487,11000010010001011110
20151020,488,11000010010101010100
20151020,489,11000010010101011100
20151020,490,11000010010101010100
20151020,491,10000010011101111100
20151020,492,11000010011001011110
20151020,493,11100010011100011110
20151020,494,11000010010100011100
20151020,495,11000110011100011100
20151020,496,11000110011100011110
20151020,497,11000110001101011110
20151020,498,11000110001101011100
20151020,499,11000010011110011100
20151020,500,11100010011000011111
20151020,501,11000010011101011110
20151020,502,11000010011111011110
20151020,503,11000010011111011101
20151020,504,11000010011111011111
20151020,505,11000010011101011110
20151020,506,11000010011111011110
20151020,507,11000010111111011100
20151020,508,11000010010110011110
20151020,509,11000010011111011110
20151021,450,11100010011011001100
20151021,451,01010010111011001100
20151021,452,11000010101011011100
20151021,453,11010010011111011100
20151021,454,11000000010011001100
20151021,455,11110110011011001100
20151021,456,11000100011011001000
20151021,457,11000000110011001100
20151021,458,11100110000111001000
20151021,459,11000000011011001110
20151021,460,11010010001011001100
20151021,461,11000010101011001100
20151021,462,11010000101011001100
20151021,463,11100011100111001100
20151021,464,11000110101111001100
20151021,465,11000010101110001100
20151021,466,11000110111111001100
20151021,467,11000010111011001100
20151021,468,11000010111111011100
20151021,469,11000110111111001100
20151021,470,11000110111111001100
20151021,471,11000010011111001100
20151021,472,01000010110011001100
20151021,473,01000010101111001100
20151021,474,11100010101111001100
20151021,475,01100010111111001100
20151021,476,11000010111111001100
20151021,477,10100010111111001100
20151021,478,11000010111111001100
20151021,479,10100010111111001100
20151021,480,10100110111111011110
20151021,481,11100110111111001100
20151021,482,00000110111111001100
20151021,483,11000010111111001100
20151021,484,11000110111111001100
20151021,485,11000110101111011100
20151021,486,11000110111111011100
20151021,487,10000110101111011100
20151021,488,11000110111111011100
20151021,489,11000110111111011100
20151021,490,10000110101111011100
20151021,491,01000110101111011100
20151021,492,00000110111111011100
20151021,493,01000010101111011100
20151021,494,01010100100111011100
20151021,495,01010100101111011100
20151021,496,10000110100111011100
20151021,497,10000110111111011100
20151021,498,10000110110111011110
20151021,499,10000110110111011101
20151021,500,10000110110111011100
20151021,501,10000110110011011110
20151021,502,10011110110111011100
20151021,503,11010010010010011110
20151021,504,11001110110011011101
20151021,505,11000110110010011111
20151021,506,11000110110111011110
20151021,507,11000110110110011100
20151021,508,10000110110011011100
20151021,509,10000110010011011110
20151022,450,11110100001100011000
20151022,451,11111100111101011000
20151022,452,01110100001011001101
20151022,453,11100100001111001101
20151022,454,11100100011011011100
20151022,455,01110100001100001100
20151022,456,11101101011101010100
20151022,457,11111101111101001100
20151022,458,11111101001100010100
20151022,459,11111000000100001010
20151022,460,11111010011101011110
20151022,461,11101000111001011110
20151022,462,11101000001001010000
20151022,463,11111100001101010110
20151022,464,11111100011101001000
20151022,465,11111110001101011010
20151022,466,11101100001001000111
20151022,467,11101100001001011010
20151022,468,11101110111101011010
20151022,469,01101100001101011000
20151022,470,11101110101101010110
20151022,471,11111110011101010101
20151022,472,11111110011101011100
20151022,473,11101110001001010100
20151022,474,11101011010001011000
20151022,475,11101010101100010000
20151022,476,11101011101001010000
20151022,477,01101011111101010000
20151022,478,01101111100101011000
20151022,479,10101100110001011010
20151022,480,11101100111101011110
20151022,481,11101100110001011111
20151022,482,11101110110001011100
20151022,483,11101110101101011100
20151022,484,11101110101101011100
20151022,485,01101110100101011110
20151022,486,11101010110101011111
20151022,487,01011010011101111101
20151022,488,00101110111101111101
20151022,489,01111111100101011100
20151022,490,01101110111101010100
20151022,491,11111001011101010110
20151022,492,11101110111100010010
20151022,493,01101001111101010100
20151022,494,01101001011101011101
20151022,495,11101001111101011101
20151022,496,01101100010101011100
20151022,497,10101001011101010101
20151022,498,11101000000101011101
20151022,499,11101011010101010101
20151022,500,11101000011100010101
20151022,501,11101001010101010100
20151022,502,11111000010101010100
20151022,503,11101001110101011100
20151022,504,11101110000101011101
20151022,505,11101010010101011100
20151022,506,11101010110101011101
20151022,507,11101011010101011100
20151022,508,11101010010100011100
20151022,509,11101010010101011100
20151023,450,00010000001100001000
20151023,451,01010100001100001100
20151023,452,01110000001101001100
20151023,453,01010000000100001000
20151023,454,01010100000101001100
20151023,455,10010000111100001000
20151023,456,11010000110100001100
20151023,457,11110000010100001000
20151023,458,11100000000100001100
20151023,459,11010000000100001100
20151023,460,01010100000100001100
20151023,461,11000010001100001000
20151023,462,00000000001100000100
20151023,463,11000000000100001100
20151023,464,01000000001101011100
20151023,465,11000010110100001100
20151023,466,01000100110100001000
20151023,467,01010010111100010000
20151023,468,01010010110100000000
20151023,469,01010000111101000000
20151023,470,01010000111100001000
20151023,471,01000000111100001110
20151023,472,01010000000100001100
20151023,473,01010000000100001100
20151023,474,01000000000100001100
20151023,475,01000000000101001100
20151023,476,01000010100101001100
20151023,477,01000000001101001100
20151023,478,01000000001101001100
20151023,479,01010000000001011100
20151023,480,01010000000101011000
20151023,481,01110000000100001100
20151023,482,01010000000101001100
20151023,483,00000000000001001100
20151023,484,00000000000101001100
20151023,485,00000000000101001100
20151023,486,01000000011111001100
20151023,487,00000000011100001100
20151023,488,00000010010101001100
20151023,489,00000110001001001100
20151023,490,00010010000001001100
20151023,491,00010010000100001100
20151023,492,00010010000001001100
20151023,493,00010010000001011100
20151023,494,00010010000000011100
20151023,495,00010111000000011100
20151023,496,00010011100100011100
20151023,497,00010011000001011100
20151023,498,00010011000001001100
20151023,499,00110110000001010100
20151023,500,00010111010001011100
20151023,501,00010110010001011100
20151023,502,00010110010001011100
20151023,503,00010110010001000100
20151023,504,01010110010001001100
20151023,505,00010110000001011110
20151023,506,00010110000111011100
20151023,507,00010110000111001110
20151023,508,00010010001001011100
20151023,509,00000010000001011100
20151026,450,10101100111111001100
20151026,451,11101100011111000100
20151026,452,10100100011111001100
20151026,453,11100000011111000100
20151026,454,01100001011101000000
20151026,455,01100000111111010010
20151026,456,10100100011111010010
20151026,457,11100100011101010110
20151026,458,01100111011101001010
20151026,459,11100000111111010110
20151026,460,11100001111111011110
20151026,461,11001110011111010110
20151026,462,11000010111111010100
20151026,463,11110100011111000100
20151026,464,11100000111111000100
20151026,465,01100000111111000110
20151026,466,01100000111111000110
20151026,467,01100000111111000110
20151026,468,10000000111111000110
20151026,469,00100000101111000110
20151026,470,11000000111101000110
20151026,471,01000010110101000100
20151026,472,11010011110101000100
20151026,473,11100010111101001100
20151026,474,11000101101100011100
20151026,475,11000110111101011100
20151026,476,01000010111111011100
20151026,477,01000110110101011100
20151026,478,10000110110101011110
20151026,479,11000110011111011110
20151026,480,00100110011101011110
20151026,481,01000110111111011110
20151026,482,11000111110111011110
20151026,483,11000110101111011110
20151026,484,11000110010101011110
20151026,485,11001110111111011110
20151026,486,11001110111111011110
20151026,487,11000111111111011110
20151026,488,10000110111111011110
20151026,489,10001110111111001110
20151026,490,11000110111111011110
20151026,491,11000110111111011110
20151026,492,10001110111111011110
20151026,493,10000111010111011110
20151026,494,11001110010111011110
20151026,495,11000111111111010110
20151026,496,11000100110111011110
20151026,497,01000110010110011110
20151026,498,01100110011110011100
20151026,499,01000110110110011110
20151026,500,01000110110110011010
20151026,501,11000110010110011110
20151026,502,11100110010111011110
20151026,503,11000110110111011110
20151026,504,11000111010111011110
20151026,505,11000110001111011110
20151026,506,11000110011011011110
20151026,507,11000110010110011110
20151026,508,11010110011111011110
20151026,509,11100110010111011110
20151027,450,01000100101001001000
20151027,451,00000110101001001100
20151027,452,01000110100001001000
20151027,453,01100010100001001000
20151027,454,00100010011001001000
20151027,455,10000110011000001000
20151027,456,00000110011001001010
20151027,457,11000110011000001000
20151027,458,11000110011000011000
20151027,459,11000100011010001110
20151027,460,01000000011000010100
20151027,461,01000000011010010110
20151027,462,01000000011001001100
20151027,463,01000000011000011100
20151027,464,01000010011000011110
20151027,465,01100010011100011110
20151027,466,11000011001000001100
20151027,467,01000011101001001100
20151027,468,11000010001001010110
20151027,469,01000010001000000100
20151027,470,00000010111000001110
20151027,471,01000110011000001110
20151027,472,01010011111000001110
20151027,473,00000011011000011110
20151027,474,01000010011101001110
20151027,475,00000010011000001110
20151027,476,01000000110000011111
20151027,477,01000000111100011110
20151027,478,01000000110100001110
20151027,479,01000010101100011110
20151027,480,01000100011000000110
20151027,481,01000100001000011010
20151027,482,01000000001000010111
20151027,483,00010100101000010111
20151027,484,00000000011000010111
20151027,485,01010010011101001111
20151027,486,01010110011101010111
20151027,487,01000000000000010111
20151027,488,01000010011000010111
20151027,489,11000110000101011100
20151027,490,01100010001101011110
20151027,491,01000110001100011111
20151027,492,11000100001111011111
20151027,493,01000100001110011011
20151027,494,11000100001100011110
20151027,495,01000000011100011110
20151027,496,00000100011101011110
20151027,497,10000000011011011111
20151027,498,00000000010111011111
20151027,499,10000000011101011110
20151027,500,00000100010101011110
20151027,501,00010100010100010110
20151027,502,00110110011101011110
20151027,503,00010100011100010111
20151027,504,00000110011101011110
20151027,505,10010100001101011110
20151027,506,10000110010101011111
20151027,507,10010100010101011101
20151027,508,10010110011101011111
20151027,509,10010100011100010111
20151028,450,01000000011000001100
20151028,451,01000000001000001100
20151028,452,00010110001000001100
20151028,453,01000100011000001100
20151028,454,01000000010000001000
20151028,455,01000100010001001100
20151028,456,00000000010010001100
20151028,457,01000000000101001100
20151028,458,01000000000111001100
20151028,459,01100010010101001100
20151028,460,01000010011111001100
20151028,461,11100010011101001100
20151028,462,11100010010101001100
20151028,463,11000010010110001100
20151028,464,11000010010100001000
20151028,465,11110000001100000000
20151028,466,11000010010100000100
20151028,467,11100000010000010000
20151028,468,11100010010000001100
20151028,469,11000010110100001000
20151028,470,01110011011110001000
20151028,471,10010010001111001110
20151028,472,10010010000100001110
20151028,473,10010110000100001010
20151028,474,00001010010101001100
20151028,475,00001010011110001100
20151028,476,00001010011110001100
20151028,477,00001010001000001100
20151028,478,01000010010000001000
20151028,479,00000010010101001110
20151028,480,00000010011100001100
20151028,481,01000010010100010100
20151028,482,01000010010101011100
20151028,483,00010010010100011010
20151028,484,00001010010100011110
20151028,485,00001010111110001010
20151028,486,00001010010000011100
20151028,487,00001010011000011100
20151028,488,00001010011100011100
20151028,489,00000010001100011100
20151028,490,00001010010111010100
20151028,491,00001010001100011110
20151028,492,00000010100100011100
20151028,493,00100010000100011000
20151028,494,00001010000100011000
20151028,495,00000010000100011000
20151028,496,00000010000100010000
20151028,497,01000010000100010110
20151028,498,01000010010100010000
20151028,499,11001010000100011110
20151028,500,11000010010100010010
20151028,501,11000010010100010110
20151028,502,11000010010100010110
20151028,503,01000011010000010010
20151028,504,00000011010100010010
20151028,505,11000010010000010011
20151028,506,11000010000000010111
20151028,507,10000010010000010110
20151028,508,10000010010100000110
20151028,509,11000010000101010101
20151029,450,00000110011000001000
20151029,451,01000110001000000000
20151029,452,01000110011000000000
20151029,453,01000110011000001000
20151029,454,11000000011000001110
20151029,455,11000100011100001010
20151029,456,10000001011100001010
20151029,457,10100100011110001110
20151029,458,10000000001111001100
20151029,459,11000010001100001110
20151029,460,10000010101100001100
20151029,461,11100011011110000100
20151029,462,11000010011111000110
20151029,463,11000010011110011100
20151029,464,11000010011111001100
20151029,465,11100011011011001100
20151029,466,11100000011110001100
20151029,467,11000010011001011100
20151029,468,11000010001010011100
20151029,469,11000010011110001100
20151029,470,11000010111110001100
20151029,471,11000011011100001110
20151029,472,11100010011100001000
20151029,473,11000010011101001100
20151029,474,10000010011101000100
20151029,475,11000010011111000000
20151029,476,11000010011101000000
20151029,477,10000010001111000000
20151029,478,11000010001100000110
20151029,479,11000010011100001100
20151029,480,11000000011101001100
20151029,481,11000010011101001110
20151029,482,11000010011101001100
20151029,483,11000010011100001110
20151029,484,11110010110000001110
20151029,485,11010010111100011110
20151029,486,10100010011101011100
20151029,487,10010110001100001110
20151029,488,10100010011101001110
20151029,489,10100010101101001110
20151029,490,10000000111100011110
20151029,491,10000010111000011110
20151029,492,10000010111101011110
20151029,493,10000010111101011100
20151029,494,10000000111101010110
20151029,495,10000010011101010110
20151029,496,10000000101101010110
20151029,497,10000000111100010100
20151029,498,10000010111110010100
20151029,499,10000000111101010110
20151029,500,10000010101101011010
20151029,501,10000010111101011110
20151029,502,10000010111101011110
20151029,503,11000010011001011100
20151029,504,10000110011101010110
20151029,505,10000010011101010010
20151029,506,11100010001101010110
20151029,507,11000010101101011110
20151029,508,11000010101101010110
20151029,509,11100100111101010010
20151030,450,00000100011001001000
20151030,451,01000100011011001000
20151030,452,01000100011001001000
20151030,453,00000100011001000000
20151030,454,01100001010001001000
20151030,455,11000100011101000000
20151030,456,01100000010101010000
20151030,457,00000101011101010000
20151030,458,00000010001001010000
20151030,459,10000001011101011000
20151030,460,10000011011101001000
20151030,461,01000010111101010100
20151030,462,01000000001111001000
20151030,463,11000000011111001100
20151030,464,00000000001101001000
20151030,465,10010000001101001000
20151030,466,00010000001101001000
20151030,467,00100000000101001110
20151030,468,01100000001101000100
20151030,469,01000000001111000100
20151030,470,00000001011111001000
20151030,471,01010000011101001000
20151030,472,01010000011111001110
20151030,473,01000000011111000000
20151030,474,01100000011011001000
20151030,475,00100000011111000100
20151030,476,01100000011101000110
20151030,477,11100100011001000000
20151030,478,01100100001101011100
20151030,479,01100100001101010100
20151030,480,10000100011101000100
20151030,481,11000100011101000100
20151030,482,11000000001101000100
20151030,483,01000100001101010110
20151030,484,00000100011001011100
20151030,485,00000100001101011000
20151030,486,10000100001111001100
20151030,487,00010100011111010101
20151030,488,00000000001111011100
20151030,489,00000100001101010100
20151030,490,00000110001101000100
20151030,491,00000100001101010100
20151030,492,00000100001111010100
20151030,493,00000110011111010100
20151030,494,00000000001101010100
20151030,495,00000000001101010100
20151030,496,00000100001111000100
20151030,497,00000000011101010100
20151030,498,00000100001101010100
20151030,499,00100110001101010000
20151030,500,00000100001101010100
20151030,501,00000100001101010111
20151030,502,10000100011101010111
20151030,503,10000100011101010110
20151030,504,00000110011101010111
20151030,505,00000100011101010111
20151030,506,00000100011101010101
20151030,507,00000100011101010101
20151030,508,00000100011101010101
20151030,509,10000100011001010100
